Time,ID,AccRaw, AccRawY, AccRawZ,GyoRawX, GyoRawY, GyoRawZ,MagRawX, MagRawY, MagRawZ,Pitch, Roll, Yaw,Q(w), Q(x), Q(y), Q(z),Pressure
2018/3/8 19:25:54 949,0,-13,-48,1012,13,2,2,19,54,-102,-0.55,-4.15,-34.2,0.9549506,-0.03607558,0.006031527,-0.2945023,0
2018/3/8 19:25:54 957,0,-13,-49,1012,12,3,1,15,56,-104,-0.55,-4.15,-34.2,0.9549525,-0.03606232,0.006043697,-0.2944974,0
2018/3/8 19:25:54 966,0,-11,-49,1010,14,0,1,17,59,-105,-0.55,-4.15,-34.2,0.954959,-0.03605895,0.006061464,-0.2944762,0
2018/3/8 19:25:54 986,0,-10,-50,1016,14,3,1,18,53,-104,-0.55,-4.15,-34.2,0.9549622,-0.03603894,0.006053953,-0.2944688,0
2018/3/8 19:25:55 6,0,-9,-48,1013,14,3,1,18,55,-101,-0.55,-4.15,-34.2,0.9549636,-0.03604674,0.006053095,-0.2944631,0
2018/3/8 19:25:55 26,0,-13,-51,1014,12,3,3,18,59,-104,-0.55,-4.15,-34.2,0.9549661,-0.03602321,0.006054019,-0.294458,0
2018/3/8 19:25:55 51,0,-10,-52,1011,14,3,1,19,56,-102,-0.55,-4.15,-34.2,0.9549709,-0.03603879,0.006063239,-0.2944404,0
2018/3/8 19:25:55 68,0,-8,-51,1014,13,3,2,19,56,-103,-0.55,-4.15,-34.2,0.954974,-0.03604708,0.006077402,-0.2944291,0
2018/3/8 19:25:55 85,0,-15,-46,1013,13,2,2,19,56,-106,-0.54,-4.15,-34.2,0.954976,-0.03605056,0.006091068,-0.294422,0
2018/3/8 19:25:55 106,0,-12,-48,1012,15,3,1,16,57,-102,-0.55,-4.15,-34.2,0.9549798,-0.03602625,0.006078898,-0.2944123,0
2018/3/8 19:25:55 126,0,-10,-49,1012,14,1,1,17,56,-104,-0.55,-4.14,-34.2,0.9549816,-0.03600859,0.006073818,-0.294409,0
2018/3/8 19:25:55 146,0,-11,-47,1017,14,3,1,19,57,-105,-0.55,-4.14,-34.2,0.9549852,-0.03599764,0.00605865,-0.2943991,0
2018/3/8 19:25:55 165,0,-10,-50,1009,12,1,1,19,57,-105,-0.55,-4.14,-34.2,0.9549886,-0.03600075,0.006060231,-0.2943876,0
2018/3/8 19:25:55 183,0,-10,-49,1015,14,2,1,19,57,-105,-0.55,-4.14,-34.2,0.9549934,-0.03601296,0.006040265,-0.294371,0
2018/3/8 19:25:55 207,0,-11,-44,1010,14,2,1,18,56,-106,-0.55,-4.14,-34.2,0.9549975,-0.03601081,0.006047404,-0.2943577,0
2018/3/8 19:25:55 225,0,-11,-51,1016,13,2,2,16,56,-105,-0.55,-4.14,-34.2,0.9550027,-0.03599123,0.006027609,-0.2943437,0
2018/3/8 19:25:55 245,0,-11,-50,1011,14,3,1,23,58,-106,-0.55,-4.14,-34.2,0.9550059,-0.03598515,0.006017729,-0.2943339,0
2018/3/8 19:25:55 266,0,-12,-50,1011,15,3,1,18,58,-104,-0.55,-4.14,-34.2,0.9550072,-0.03595972,0.006019031,-0.294333,0
2018/3/8 19:25:55 285,0,-11,-49,1014,12,3,3,18,54,-104,-0.55,-4.14,-34.2,0.9550113,-0.03596615,0.006011403,-0.294319,0
2018/3/8 19:25:55 305,0,-12,-49,1013,13,3,1,17,54,-104,-0.55,-4.14,-34.2,0.9550151,-0.03597778,0.006013173,-0.2943052,0
2018/3/8 19:25:55 325,0,-9,-52,1013,14,3,1,16,56,-101,-0.55,-4.14,-34.2,0.9550201,-0.03595458,0.006019439,-0.2942921,0
2018/3/8 19:25:55 349,0,-12,-50,1012,13,2,2,22,57,-107,-0.55,-4.14,-34.2,0.9550235,-0.03595348,0.006029407,-0.2942809,0
2018/3/8 19:25:55 365,0,-12,-50,1011,10,3,1,20,56,-106,-0.55,-4.14,-34.2,0.9550272,-0.03594579,0.00603719,-0.2942697,0
2018/3/8 19:25:55 384,0,-11,-49,1012,15,2,2,15,58,-106,-0.55,-4.14,-34.2,0.9550316,-0.03593525,0.006041333,-0.2942564,0
2018/3/8 19:25:55 406,0,-11,-50,1010,14,3,2,20,57,-105,-0.55,-4.13,-34.2,0.9550387,-0.03590921,0.006033062,-0.2942367,0
2018/3/8 19:25:55 424,0,-11,-49,1011,13,4,0,21,53,-104,-0.54,-4.13,-34.2,0.9550412,-0.03589832,0.006045843,-0.2942298,0
2018/3/8 19:25:55 445,0,-9,-50,1013,13,2,1,17,52,-102,-0.54,-4.13,-34.2,0.9550437,-0.03589447,0.006076786,-0.2942213,0
2018/3/8 19:25:55 465,0,-12,-49,1014,14,3,2,17,53,-102,-0.54,-4.14,-34.2,0.9550495,-0.03592731,0.006067789,-0.2941987,0
2018/3/8 19:25:55 487,0,-10,-50,1010,14,3,1,19,57,-102,-0.54,-4.13,-34.2,0.9550563,-0.03589933,0.006082186,-0.2941798,0
2018/3/8 19:25:55 509,0,-9,-50,1015,13,3,2,19,54,-102,-0.54,-4.13,-34.2,0.9550597,-0.03587853,0.006092375,-0.2941709,0
2018/3/8 19:25:55 525,0,-11,-47,1015,13,3,1,19,56,-104,-0.54,-4.13,-34.2,0.9550653,-0.03587159,0.006101483,-0.2941536,0
2018/3/8 19:25:55 551,0,-16,-49,1010,14,2,1,18,56,-102,-0.53,-4.13,-34.2,0.9550698,-0.03583455,0.006112655,-0.2941429,0
2018/3/8 19:25:55 565,0,-9,-49,1014,13,1,2,18,56,-101,-0.53,-4.13,-34.2,0.9550726,-0.03582316,0.006112217,-0.2941355,0
2018/3/8 19:25:55 583,0,-10,-49,1012,14,2,1,19,54,-102,-0.53,-4.13,-34.2,0.9550751,-0.03583747,0.006114895,-0.2941258,0
2018/3/8 19:25:55 605,0,-9,-50,1015,12,2,1,20,58,-101,-0.54,-4.13,-34.2,0.9550794,-0.03585724,0.006102633,-0.2941093,0
2018/3/8 19:25:55 625,0,-11,-48,1016,14,2,1,20,56,-102,-0.53,-4.13,-34.2,0.9550819,-0.03584906,0.006112921,-0.2941022,0
2018/3/8 19:25:55 647,0,-11,-49,1017,14,2,1,17,53,-108,-0.53,-4.13,-34.2,0.9550842,-0.03584759,0.006116587,-0.2940948,0
2018/3/8 19:25:55 665,0,-10,-51,1010,12,2,1,18,55,-107,-0.53,-4.13,-34.2,0.9550849,-0.03582883,0.006138221,-0.2940944,0
2018/3/8 19:25:55 683,0,-10,-49,1011,14,3,1,20,57,-102,-0.53,-4.09,-34.2,0.9550919,-0.03553358,0.006091438,-0.2941085,0
2018/3/8 19:25:55 705,0,-11,-47,1010,13,2,2,19,57,-105,-0.52,-4.06,-34.2,0.9551034,-0.03521053,0.006042481,-0.2941109,0
2018/3/8 19:25:55 725,0,-10,-51,1016,12,3,3,21,58,-106,-0.52,-4.03,-34.2,0.9551142,-0.03495239,0.005995447,-0.2941081,0
2018/3/8 19:25:55 745,0,-10,-50,1009,15,3,1,16,56,-104,-0.51,-4,-34.2,0.9551235,-0.03468229,0.005967362,-0.29411,0
2018/3/8 19:25:55 765,0,-14,-51,1009,14,2,2,17,55,-105,-0.51,-3.96,-34.2,0.9551315,-0.03438472,0.005912781,-0.2941201,0
2018/3/8 19:25:55 782,0,-11,-48,1012,12,2,1,21,55,-101,-0.5,-3.93,-34.2,0.9551419,-0.03410587,0.005871453,-0.2941198,0
2018/3/8 19:25:55 805,0,-7,-49,1013,13,3,1,16,55,-101,-0.49,-3.9,-34.2,0.9551523,-0.03382879,0.005849205,-0.2941179,0
2018/3/8 19:25:55 824,0,-10,-45,1016,14,1,1,20,54,-102,-0.49,-3.86,-34.2,0.9551626,-0.03352959,0.005807471,-0.2941201,0
2018/3/8 19:25:56 14,0,-11,-51,1011,13,3,1,20,55,-105,-0.49,-3.83,-34.2,0.9551708,-0.03327029,0.005765202,-0.2941238,0
2018/3/8 19:25:56 14,0,-13,-49,1013,14,4,2,20,56,-103,-0.48,-3.8,-34.2,0.9551798,-0.03299408,0.005747595,-0.2941262,0
2018/3/8 19:25:56 14,0,-11,-49,1014,14,3,2,19,57,-102,-0.47,-3.77,-34.2,0.9551892,-0.03273551,0.005745891,-0.2941245,0
2018/3/8 19:25:56 14,0,-10,-49,1013,15,2,0,19,53,-106,-0.46,-3.74,-34.2,0.9551966,-0.03245005,0.005710577,-0.2941329,0
2018/3/8 19:25:56 14,0,-10,-47,1015,13,2,1,18,58,-101,-0.46,-3.71,-34.2,0.9552025,-0.03220506,0.005690736,-0.2941407,0
2018/3/8 19:25:56 15,0,-14,-48,1009,12,3,1,19,54,-101,-0.45,-3.69,-34.2,0.9552093,-0.031988,0.005695214,-0.2941426,0
2018/3/8 19:25:56 15,0,-12,-51,1013,13,5,3,19,56,-103,-0.44,-3.67,-34.2,0.9552161,-0.03175111,0.005711948,-0.2941452,0
2018/3/8 19:25:56 18,0,-10,-51,1013,15,2,1,19,55,-104,-0.43,-3.64,-34.2,0.9552257,-0.03149026,0.005721022,-0.2941423,0
2018/3/8 19:25:56 20,0,-12,-49,1014,14,3,1,19,57,-105,-0.42,-3.61,-34.2,0.9552324,-0.03123751,0.005694753,-0.2941479,0
2018/3/8 19:25:56 31,0,-14,-47,1010,13,3,3,17,57,-103,-0.42,-3.58,-34.2,0.9552393,-0.03100713,0.005701169,-0.2941498,0
2018/3/8 19:25:56 46,0,-11,-48,1013,14,3,1,17,58,-102,-0.41,-3.56,-34.2,0.9552471,-0.03076016,0.005715455,-0.2941501,0
2018/3/8 19:25:56 62,0,-10,-47,1011,15,0,1,19,56,-102,-0.4,-3.53,-34.2,0.9552554,-0.03050463,0.005692217,-0.2941501,0
2018/3/8 19:25:56 87,0,-11,-48,1014,14,3,1,16,54,-102,-0.39,-3.5,-34.2,0.9552596,-0.03024886,0.005695035,-0.294163,0
2018/3/8 19:25:56 101,0,-9,-50,1015,13,3,1,18,56,-103,-0.38,-3.48,-34.2,0.9552642,-0.03002689,0.005697151,-0.2941706,0
2018/3/8 19:25:56 122,0,-9,-49,1012,12,3,0,17,56,-101,-0.38,-3.45,-34.2,0.9552703,-0.02980975,0.005706083,-0.2941726,0
2018/3/8 19:25:56 143,0,-12,-51,1012,14,2,2,17,56,-106,-0.37,-3.43,-34.2,0.9552739,-0.0296176,0.005710532,-0.2941803,0
2018/3/8 19:25:56 163,0,-9,-50,1011,12,4,2,18,55,-103,-0.36,-3.41,-34.2,0.9552789,-0.02941084,0.00574563,-0.2941842,0
2018/3/8 19:25:56 183,0,-13,-50,1017,14,1,2,20,55,-101,-0.35,-3.39,-34.2,0.9552833,-0.02920741,0.005795596,-0.2941889,0
2018/3/8 19:25:56 205,0,-13,-52,1017,12,3,2,20,54,-105,-0.33,-3.37,-34.2,0.9552877,-0.02899021,0.005825168,-0.2941957,0
2018/3/8 19:25:56 226,0,-13,-49,1007,13,3,3,20,56,-104,-0.32,-3.35,-34.2,0.9552925,-0.02880451,0.005862106,-0.2941978,0
2018/3/8 19:25:56 242,0,-11,-47,1014,14,3,2,22,56,-101,-0.31,-3.33,-34.2,0.9552976,-0.02860183,0.005892904,-0.2942001,0
2018/3/8 19:25:56 264,0,-10,-50,1012,15,1,1,18,54,-101,-0.3,-3.31,-34.2,0.9553024,-0.02841301,0.00592467,-0.2942024,0
2018/3/8 19:25:56 286,0,-11,-49,1015,14,2,2,16,54,-102,-0.3,-3.29,-34.2,0.9553102,-0.02823979,0.005928201,-0.2941934,0
2018/3/8 19:25:56 302,0,-13,-46,1014,14,2,2,19,57,-105,-0.29,-3.27,-34.2,0.9553178,-0.02803619,0.005954538,-0.2941878,0
2018/3/8 19:25:56 321,0,-12,-48,1015,13,3,2,20,54,-103,-0.28,-3.25,-34.2,0.955322,-0.02784208,0.005992249,-0.2941923,0
2018/3/8 19:25:56 344,0,-9,-49,1015,15,3,1,19,57,-104,-0.27,-3.23,-34.2,0.9553261,-0.02764739,0.006016964,-0.2941963,0
2018/3/8 19:25:56 362,0,-11,-48,1011,11,1,1,20,56,-106,-0.26,-3.21,-34.2,0.9553294,-0.02745895,0.006044666,-0.2942026,0
2018/3/8 19:25:56 383,0,-9,-50,1012,12,2,1,17,55,-103,-0.25,-3.19,-34.2,0.9553314,-0.02730425,0.00607603,-0.29421,0
2018/3/8 19:25:56 402,0,-14,-48,1012,12,2,2,18,56,-102,-0.24,-3.18,-34.2,0.9553342,-0.02715085,0.006135258,-0.2942139,0
2018/3/8 19:25:56 421,0,-14,-51,1012,14,2,1,18,55,-103,-0.23,-3.16,-34.2,0.9553357,-0.02697649,0.006186543,-0.2942243,0
2018/3/8 19:25:56 442,0,-15,-47,1012,14,2,1,19,57,-103,-0.22,-3.14,-34.2,0.9553376,-0.02679545,0.006197269,-0.2942341,0
2018/3/8 19:25:56 462,0,-13,-46,1012,12,3,2,20,56,-104,-0.21,-3.12,-34.2,0.9553434,-0.02659404,0.006236145,-0.2942327,0
2018/3/8 19:25:56 482,0,-11,-51,1011,14,3,1,17,55,-102,-0.2,-3.1,-34.2,0.9553463,-0.02644563,0.006275778,-0.2942356,0
2018/3/8 19:25:56 506,0,-12,-48,1010,14,1,1,20,55,-106,-0.19,-3.09,-34.2,0.9553473,-0.02629334,0.006316878,-0.2942454,0
2018/3/8 19:25:56 520,0,-13,-52,1012,14,3,1,20,56,-104,-0.18,-3.07,-34.2,0.9553511,-0.02613791,0.006372901,-0.2942458,0
2018/3/8 19:25:56 543,0,-14,-52,1014,13,3,1,20,55,-105,-0.17,-3.06,-34.2,0.9553539,-0.02597688,0.006422272,-0.2942499,0
2018/3/8 19:25:56 563,0,-11,-49,1016,16,4,2,19,55,-102,-0.16,-3.04,-34.2,0.9553581,-0.02581083,0.006460417,-0.29425,0
2018/3/8 19:26:01 650,0,20,15,-988,10,5,1,-1,-2,182,-1.48,178.6,-10.8,-0.01331316,-0.9953287,0.09489407,-0.01177804,0
2018/3/8 19:26:01 658,0,19,20,-989,11,4,1,0,-5,179,-1.5,178.6,-10.8,-0.0133198,-0.9953278,0.09489041,-0.01188023,0
2018/3/8 19:26:01 670,0,18,17,-988,12,5,2,0,-2,179,-1.51,178.61,-10.8,-0.01332095,-0.9953272,0.09488243,-0.01198473,0
2018/3/8 19:26:01 688,0,18,21,-985,11,5,1,-4,-4,180,-1.52,178.6,-10.8,-0.01333947,-0.995326,0.09487875,-0.01209664,0
2018/3/8 19:26:01 705,0,19,17,-987,12,5,3,0,-4,180,-1.53,178.61,-10.8,-0.01334541,-0.9953256,0.09486633,-0.01221702,0
2018/3/8 19:26:01 727,0,19,19,-993,12,4,2,-2,-3,181,-1.55,178.61,-10.8,-0.01334852,-0.9953238,0.09486854,-0.0123505,0
2018/3/8 19:26:01 747,0,15,20,-988,11,4,2,-1,-6,180,-1.57,178.61,-10.8,-0.01334792,-0.9953222,0.09486628,-0.01249549,0
2018/3/8 19:26:01 767,0,16,17,-990,9,4,1,-1,-2,182,-1.58,178.61,-10.8,-0.0133552,-0.9953213,0.09485798,-0.01262494,0
2018/3/8 19:26:01 785,0,18,17,-986,10,5,1,-1,-6,179,-1.6,178.61,-10.8,-0.01339049,-0.9953187,0.09486039,-0.01276868,0
2018/3/8 19:26:01 806,0,18,19,-992,12,4,2,0,-8,179,-1.61,178.61,-10.8,-0.01339839,-0.9953177,0.09485217,-0.01289298,0
2018/3/8 19:26:01 827,0,21,17,-987,11,3,1,-3,-3,184,-1.63,178.61,-10.8,-0.01339884,-0.9953155,0.09485636,-0.01303223,0
2018/3/8 19:26:01 845,0,19,20,-985,12,4,1,0,-1,180,-1.64,178.61,-10.8,-0.01340573,-0.9953142,0.09485006,-0.01317045,0
2018/3/8 19:26:01 866,0,16,18,-985,12,4,1,0,-1,180,-1.66,178.61,-10.8,-0.01342144,-0.9953127,0.09484375,-0.01331443,0
2018/3/8 19:26:01 886,0,18,18,-991,11,3,1,-1,-1,177,-1.68,178.61,-10.8,-0.01342881,-0.9953111,0.0948372,-0.01346853,0
2018/3/8 19:26:01 904,0,17,15,-988,12,4,2,-2,-5,180,-1.69,178.61,-10.8,-0.01343548,-0.9953086,0.09484361,-0.01360561,0
2018/3/8 19:26:01 926,0,20,18,-986,11,5,1,-5,-1,184,-1.71,178.61,-10.8,-0.01341911,-0.9953067,0.09484076,-0.01377569,0
2018/3/8 19:26:01 946,0,17,19,-989,11,3,1,-2,-3,178,-1.73,178.61,-10.8,-0.01342201,-0.9953051,0.09483879,-0.01390515,0
2018/3/8 19:26:01 966,0,19,17,-989,12,4,1,-1,-3,181,-1.74,178.62,-10.8,-0.01343112,-0.995303,0.0948365,-0.01405852,0
2018/3/8 19:26:01 986,0,19,21,-984,13,5,1,-3,-6,179,-1.76,178.62,-10.8,-0.01341775,-0.9953007,0.09483806,-0.01421832,0
2018/3/8 19:26:02 5,0,15,17,-985,11,3,1,-2,-8,181,-1.78,178.62,-10.8,-0.01343028,-0.9952989,0.09483135,-0.01438774,0
2018/3/8 19:26:02 25,0,17,18,-987,12,6,1,-2,0,183,-1.8,178.62,-10.8,-0.01343944,-0.9952968,0.09482677,-0.01455194,0
2018/3/8 19:26:02 45,0,18,20,-986,12,4,1,-2,-1,179,-1.82,178.62,-10.8,-0.01345079,-0.9952948,0.09481771,-0.01473554,0
2018/3/8 19:26:02 65,0,19,17,-987,10,4,1,-4,-3,181,-1.84,178.62,-10.8,-0.01347221,-0.995293,0.09480683,-0.01490743,0
2018/3/8 19:26:02 85,0,15,18,-988,11,4,1,-2,-4,180,-1.86,178.62,-10.8,-0.01350032,-0.9952903,0.09480235,-0.01508269,0
2018/3/8 19:26:02 104,0,18,20,-990,11,3,1,-2,-4,184,-1.88,178.62,-10.8,-0.01350323,-0.9952881,0.0947975,-0.01525811,0
2018/3/8 19:26:02 124,0,17,16,-988,12,4,1,-1,-4,178,-1.9,178.62,-10.8,-0.01349294,-0.9952853,0.0947987,-0.01544241,0
2018/3/8 19:26:02 144,0,20,17,-990,10,4,1,0,-4,184,-1.92,178.63,-10.8,-0.01348873,-0.9952828,0.09479816,-0.01560799,0
2018/3/8 19:26:02 164,0,14,17,-989,10,4,1,0,-8,182,-1.94,178.63,-10.8,-0.01348297,-0.9952801,0.09479741,-0.01578582,0
2018/3/8 19:26:02 184,0,18,19,-988,12,5,2,-2,-6,181,-1.96,178.63,-10.8,-0.01348962,-0.9952778,0.09478812,-0.01597841,0
2018/3/8 19:26:02 204,0,19,14,-987,12,5,3,0,-2,182,-1.99,178.63,-10.8,-0.01347717,-0.9952743,0.09479328,-0.01617999,0
2018/3/8 19:26:02 224,0,17,18,-989,11,3,1,0,-5,182,-2.01,178.63,-10.8,-0.01347791,-0.9952713,0.09479483,-0.01635357,0
2018/3/8 19:26:02 244,0,16,20,-987,11,4,1,0,-3,182,-2.03,178.64,-10.8,-0.01348871,-0.9952671,0.09479786,-0.01657761,0
2018/3/8 19:26:02 266,0,16,18,-989,12,4,2,-1,-1,181,-2.06,178.64,-10.8,-0.0134808,-0.9952636,0.09479864,-0.01679224,0
2018/3/8 19:26:02 284,0,16,20,-990,10,4,1,-1,-3,180,-2.08,178.64,-10.8,-0.01348574,-0.9952599,0.09479512,-0.01702328,0
2018/3/8 19:26:02 303,0,16,20,-992,12,3,1,0,-3,179,-2.11,178.64,-10.8,-0.01349773,-0.9952562,0.09479182,-0.01724564,0
2018/3/8 19:26:02 325,0,14,20,-992,12,4,1,0,-3,182,-2.14,178.64,-10.8,-0.01351884,-0.9952528,0.09478215,-0.01747962,0
2018/3/8 19:26:02 345,0,14,17,-988,10,4,1,0,-3,181,-2.16,178.64,-10.8,-0.01352129,-0.9952499,0.09476784,-0.01771841,0
2018/3/8 19:26:02 365,0,17,20,-986,10,5,2,-1,-5,182,-2.19,178.65,-10.8,-0.01352142,-0.9952462,0.09475739,-0.01798046,0
2018/3/8 19:26:02 385,0,21,16,-987,12,5,2,-1,-5,180,-2.22,178.65,-10.8,-0.01354064,-0.9952416,0.09475594,-0.01822755,0
2018/3/8 19:26:02 401,0,20,19,-990,12,4,1,-1,-5,180,-2.25,178.65,-10.8,-0.01353015,-0.9952379,0.09474988,-0.0184666,0
2018/3/8 19:26:02 425,0,20,18,-990,10,4,0,-3,-3,184,-2.27,178.65,-10.8,-0.0135283,-0.9952341,0.09474627,-0.0186915,0
2018/3/8 19:26:02 445,0,19,19,-993,10,4,1,-1,-7,180,-2.3,178.66,-10.8,-0.01354059,-0.9952295,0.09474245,-0.01894724,0
2018/3/8 19:26:02 465,0,17,19,-992,12,4,2,-1,-4,177,-2.33,178.66,-10.8,-0.01354947,-0.995225,0.09473874,-0.01919182,0
2018/3/8 19:26:02 485,0,18,17,-987,10,3,1,0,-6,181,-2.36,178.66,-10.8,-0.01353302,-0.9952201,0.09473855,-0.01945327,0
2018/3/8 19:26:02 502,0,16,17,-988,11,4,1,-2,-2,178,-2.39,178.66,-10.8,-0.01354418,-0.9952151,0.09473688,-0.01970594,0
2018/3/8 19:26:02 524,0,19,21,-986,12,4,1,-3,-1,184,-2.42,178.67,-10.8,-0.01353633,-0.9952114,0.09471963,-0.01998178,0
2018/3/8 19:26:02 544,0,18,23,-987,11,4,2,-1,-3,180,-2.45,178.67,-10.8,-0.01354381,-0.9952066,0.09471347,-0.02024397,0
2018/3/8 19:26:02 565,0,16,19,-984,11,4,1,-4,-3,179,-2.48,178.67,-10.8,-0.01356236,-0.9952012,0.09470951,-0.0205135,0
2018/3/8 19:26:02 583,0,16,19,-988,12,4,1,-1,-2,183,-2.52,178.67,-10.8,-0.01357986,-0.9951965,0.0946924,-0.0208085,0
2018/3/8 19:26:02 601,0,16,16,-984,11,4,1,-2,-4,179,-2.55,178.67,-10.8,-0.01357473,-0.9951916,0.09467684,-0.02111137,0
2018/3/8 19:26:02 623,0,16,18,-986,10,4,1,1,-4,180,-2.58,178.68,-10.8,-0.01357711,-0.9951853,0.09467866,-0.02139854,0
2018/3/8 19:26:02 642,0,19,19,-983,11,5,1,0,-3,183,-2.62,178.68,-10.8,-0.01356597,-0.9951788,0.09467315,-0.02173047,0
2018/3/8 19:26:02 663,0,17,18,-985,12,4,1,0,-5,180,-2.65,178.69,-10.8,-0.01350109,-0.9951746,0.09466531,-0.02199355,0
2018/3/8 19:26:02 683,0,18,17,-988,11,7,2,0,-5,183,-2.68,178.7,-10.8,-0.01343255,-0.9951709,0.09465768,-0.02224001,0
2018/3/8 19:26:02 703,0,21,18,-982,10,3,1,-1,-2,183,-2.71,178.71,-10.8,-0.0133785,-0.9951659,0.09465427,-0.02250927,0
2018/3/8 19:26:02 723,0,16,21,-985,10,4,1,-3,-2,182,-2.74,178.72,-10.8,-0.01334595,-0.9951616,0.09464304,-0.02275781,0
2018/3/8 19:26:02 743,0,16,17,-988,11,4,3,-2,-5,182,-2.77,178.73,-10.8,-0.01330335,-0.9951565,0.09463763,-0.02303181,0
2018/3/8 19:26:02 763,0,16,21,-988,12,3,3,0,-5,179,-2.8,178.74,-10.8,-0.01324994,-0.9951505,0.09463596,-0.0233267,0
2018/3/8 19:26:02 783,0,17,19,-984,11,2,1,-2,-3,181,-2.83,178.75,-10.8,-0.01318713,-0.9951454,0.09463236,-0.02358996,0
2018/3/8 19:26:02 801,0,18,17,-982,11,4,1,0,-3,181,-2.86,178.75,-10.8,-0.01314496,-0.99514,0.0946226,-0.02387856,0
2018/3/8 19:26:02 823,0,13,20,-988,11,4,1,-1,-5,179,-2.89,178.76,-10.8,-0.01308849,-0.9951342,0.09461674,-0.02417437,0
2018/3/8 19:26:02 843,0,17,21,-988,11,6,1,0,-3,179,-2.93,178.77,-10.8,-0.01303337,-0.9951286,0.09460858,-0.02446742,0
2018/3/8 19:26:02 863,0,20,19,-988,10,4,1,-1,-3,178,-2.96,178.78,-10.8,-0.0129921,-0.9951214,0.09460679,-0.02478469,0
2018/3/8 19:26:02 883,0,18,15,-986,13,5,1,0,-5,182,-3,178.79,-10.8,-0.01292817,-0.9951161,0.09458956,-0.02509455,0
2018/3/8 19:26:02 904,0,15,17,-989,12,6,1,-4,-5,181,-3.03,178.8,-10.8,-0.0128556,-0.9951097,0.09457829,-0.0254245,0
2018/3/8 19:26:02 923,0,15,19,-985,10,5,2,0,0,182,-3.07,178.81,-10.8,-0.01281769,-0.9951025,0.09457678,-0.02572991,0
2018/3/8 19:26:02 943,0,20,14,-986,9,6,1,-1,-3,182,-3.11,178.82,-10.8,-0.0127814,-0.9950949,0.09457068,-0.02606263,0
2018/3/8 19:26:02 963,0,18,16,-988,10,5,1,0,-5,181,-3.15,178.83,-10.8,-0.01272608,-0.9950872,0.09456175,-0.02641163,0
2018/3/8 19:26:02 983,0,19,17,-988,10,6,1,-4,-3,180,-3.19,178.84,-10.8,-0.01268583,-0.9950792,0.09455533,-0.02675925,0
2018/3/8 19:26:03 1,0,18,20,-987,11,5,3,0,-6,181,-3.23,178.85,-10.8,-0.01264257,-0.9950693,0.09455674,-0.02713338,0
2018/3/8 19:26:03 23,0,19,20,-991,12,4,3,-2,-2,181,-3.27,178.86,-10.8,-0.01258874,-0.9950611,0.09454966,-0.02748519,0
2018/3/8 19:26:03 43,0,21,18,-985,12,4,1,-1,-3,183,-3.31,178.86,-10.8,-0.01254796,-0.9950525,0.09454299,-0.02783533,0
2018/3/8 19:26:03 63,0,18,18,-988,10,4,1,-3,-3,181,-3.35,178.87,-10.8,-0.01249947,-0.9950437,0.09453384,-0.02819953,0
2018/3/8 19:26:03 81,0,18,20,-989,9,3,1,-3,-6,182,-3.39,178.88,-10.8,-0.01248312,-0.9950337,0.09452298,-0.02859224,0
2018/3/8 19:26:03 100,0,18,17,-992,12,3,2,0,-2,184,-3.44,178.89,-10.8,-0.01246545,-0.9950243,0.09450568,-0.02898248,0
2018/3/8 19:26:03 122,0,19,20,-983,12,6,2,0,-5,179,-3.48,178.9,-10.8,-0.01241479,-0.9950135,0.0944956,-0.02940498,0
2018/3/8 19:26:03 142,0,17,19,-988,10,3,1,0,-3,182,-3.53,178.9,-10.8,-0.012385,-0.9950035,0.09448447,-0.02978984,0
2018/3/8 19:26:03 162,0,19,20,-989,11,4,1,0,-4,180,-3.57,178.91,-10.8,-0.01234278,-0.9949927,0.09447038,-0.03020614,0
2018/3/8 19:26:03 182,0,20,21,-987,10,2,0,0,-4,180,-3.62,178.92,-10.8,-0.01230525,-0.9949818,0.09446087,-0.03061253,0
2018/3/8 19:26:03 203,0,19,20,-990,12,5,0,-4,-5,178,-3.67,178.93,-10.8,-0.01228465,-0.9949707,0.09444966,-0.03101414,0
2018/3/8 19:26:03 223,0,16,19,-987,12,4,1,-1,-3,178,-3.71,178.94,-10.8,-0.01224229,-0.9949589,0.09443753,-0.03144171,0
2018/3/8 19:26:03 243,0,19,18,-986,12,4,1,-1,-3,182,-3.76,178.95,-10.8,-0.01220328,-0.9949469,0.0944277,-0.0318631,0
2018/3/8 19:26:03 263,0,17,19,-989,11,4,0,-1,0,181,-3.81,178.95,-10.8,-0.01217866,-0.9949334,0.09441774,-0.03231981,0
2018/3/8 19:26:03 282,0,18,20,-990,12,4,1,-1,-5,181,-3.87,178.96,-10.8,-0.01214081,-0.9949188,0.09440919,-0.03280352,0
2018/3/8 19:26:03 300,0,17,17,-982,11,4,1,-3,-4,181,-3.92,178.97,-10.8,-0.01209526,-0.9949043,0.09440451,-0.03327345,0
2018/3/8 19:26:03 322,0,16,17,-987,12,4,1,-3,-3,181,-3.98,178.98,-10.8,-0.0120826,-0.9948896,0.09439472,-0.03374037,0
2018/3/8 19:26:03 341,0,16,20,-986,10,4,1,-3,-2,182,-4.03,178.99,-10.8,-0.01204388,-0.9948737,0.09438344,-0.03425055,0
2018/3/8 19:26:03 361,0,16,19,-988,11,4,1,0,-2,183,-4.09,179,-10.8,-0.01202627,-0.994859,0.09436903,-0.03472109,0
2018/3/8 19:26:03 383,0,17,24,-989,12,6,1,-1,-3,181,-4.15,179,-10.8,-0.0120061,-0.9948422,0.09435818,-0.03523505,0
2018/3/8 19:26:03 400,0,16,20,-988,10,5,1,-1,-3,177,-4.21,179.01,-10.7,-0.01197697,-0.9948245,0.09434451,-0.03577623,0
2018/3/8 19:26:03 425,0,16,19,-989,10,4,1,-1,-5,178,-4.27,179.02,-10.7,-0.01195318,-0.9948063,0.09433302,-0.03631545,0
2018/3/8 19:26:03 441,0,14,18,-985,11,5,3,-1,-2,181,-4.33,179.03,-10.7,-0.01192967,-0.9947878,0.09432158,-0.03685858,0
2018/3/8 19:26:03 461,0,19,22,-984,10,5,1,-1,-3,179,-4.39,179.04,-10.7,-0.01190502,-0.9947678,0.09431835,-0.0374108,0
2018/3/8 19:26:03 481,0,18,21,-984,10,4,1,-1,-3,179,-4.45,179.05,-10.7,-0.01187785,-0.9947477,0.0943151,-0.03795569,0
2018/3/8 19:26:03 498,0,16,19,-987,10,4,1,-3,-3,179,-4.52,179.06,-10.7,-0.0118493,-0.9947264,0.09430929,-0.03853464,0
2018/3/8 19:26:03 521,0,16,20,-992,10,4,1,-2,-5,182,-4.59,179.07,-10.7,-0.01182659,-0.9947047,0.09430142,-0.03911661,0
2018/3/8 19:26:03 541,0,18,17,-986,12,6,1,-1,-4,180,-4.65,179.07,-10.7,-0.011814,-0.9946836,0.09428532,-0.03968964,0
2018/3/8 19:26:03 560,0,17,20,-985,10,4,0,0,-3,180,-4.72,179.08,-10.7,-0.01179313,-0.9946607,0.09426826,-0.04030796,0
2018/3/8 19:26:03 581,0,18,15,-983,9,1,1,-2,-4,182,-4.79,179.09,-10.7,-0.01177113,-0.9946381,0.09425581,-0.04089335,0
2018/3/8 19:26:03 598,0,20,17,-988,10,4,1,2,-4,180,-4.86,179.1,-10.7,-0.01174832,-0.9946143,0.09424538,-0.04149809,0
2018/3/8 19:26:03 622,0,15,21,-988,11,4,1,0,-2,178,-4.93,179.11,-10.7,-0.01171827,-0.9945884,0.09423823,-0.04214019,0
2018/3/8 19:26:03 642,0,20,18,-989,10,5,1,-4,-3,181,-5,179.12,-10.7,-0.01169779,-0.9945619,0.09422689,-0.04279035,0
2018/3/8 19:26:03 659,0,17,20,-986,11,5,1,0,-3,182,-5.08,179.13,-10.7,-0.0116565,-0.9945349,0.09421922,-0.04344422,0
2018/3/8 19:26:03 681,0,18,19,-984,13,5,2,-1,-3,179,-5.16,179.14,-10.7,-0.0116187,-0.9945062,0.0942047,-0.04413383,0
2018/3/8 19:26:03 699,0,18,19,-988,10,4,2,-1,-5,183,-5.23,179.15,-10.7,-0.01158586,-0.9944773,0.09419051,-0.04481868,0
2018/3/8 19:26:03 723,0,19,20,-989,11,4,1,-1,-2,178,-5.31,179.16,-10.7,-0.01157617,-0.9944484,0.09417547,-0.04549242,0
2018/3/8 19:26:03 741,0,15,19,-990,11,4,1,-1,-1,183,-5.39,179.17,-10.7,-0.01155822,-0.994416,0.09416314,-0.04622362,0
2018/3/8 19:26:26 262,0,9,993,22,13,1,2,13,-138,52,0,0,0,NaN,NaN,NaN,NaN,0
2018/3/8 19:26:26 264,0,7,991,22,13,1,1,11,-135,52,0,0,0,NaN,NaN,NaN,NaN,0
2018/3/8 19:26:26 276,0,9,994,22,12,1,2,15,-138,52,0,0,0,NaN,NaN,NaN,NaN,0
2018/3/8 19:26:26 293,0,10,992,22,13,1,1,13,-137,52,0,0,0,NaN,NaN,NaN,NaN,0
2018/3/8 19:26:26 315,0,7,995,25,12,0,2,12,-137,51,0,0,0,NaN,NaN,NaN,NaN,0
2018/3/8 19:26:26 335,0,8,992,26,9,0,3,13,-139,52,0,0,0,NaN,NaN,NaN,NaN,0
2018/3/8 19:26:26 354,0,9,992,26,7,1,4,16,-138,53,0,0,0,NaN,NaN,NaN,NaN,0
2018/3/8 19:26:26 373,0,6,995,23,10,1,3,15,-138,50,0,0,0,NaN,NaN,NaN,NaN,0
2018/3/8 19:26:26 395,0,7,993,22,12,1,2,11,-135,54,0,0,0,NaN,NaN,NaN,NaN,0
2018/3/8 19:26:26 415,0,6,997,25,13,1,1,13,-137,54,0,0,0,NaN,NaN,NaN,NaN,0
2018/3/8 19:26:26 434,0,6,993,22,13,1,1,13,-137,51,0,0,0,NaN,NaN,NaN,NaN,0
2018/3/8 19:26:26 452,0,4,994,22,9,1,5,13,-137,50,0,0,0,NaN,NaN,NaN,NaN,0
2018/3/8 19:26:26 474,0,6,993,23,8,0,4,14,-139,49,0,0,0,NaN,NaN,NaN,NaN,0
2018/3/8 19:26:26 494,0,6,991,23,12,1,1,11,-136,52,0,0,0,NaN,NaN,NaN,NaN,0
2018/3/8 19:26:26 515,0,10,995,22,13,1,0,15,-136,54,0,0,0,NaN,NaN,NaN,NaN,0
2018/3/8 19:26:26 532,0,9,994,18,14,1,1,13,-138,51,0,0,0,NaN,NaN,NaN,NaN,0
2018/3/8 19:26:26 552,0,9,993,20,14,0,2,13,-140,52,0,0,0,NaN,NaN,NaN,NaN,0
2018/3/8 19:26:26 573,0,5,993,21,15,1,1,14,-137,51,0,0,0,NaN,NaN,NaN,NaN,0
2018/3/8 19:26:26 593,0,4,995,20,12,0,2,13,-138,52,0,0,0,NaN,NaN,NaN,NaN,0
2018/3/8 19:26:26 613,0,5,992,21,10,0,3,14,-138,52,0,0,0,NaN,NaN,NaN,NaN,0
2018/3/8 19:26:26 633,0,6,994,22,13,1,1,14,-137,51,0,0,0,NaN,NaN,NaN,NaN,0
2018/3/8 19:26:26 650,0,3,995,23,14,1,1,12,-137,51,0,0,0,NaN,NaN,NaN,NaN,0
2018/3/8 19:26:26 674,0,5,995,21,13,1,0,15,-139,53,0,0,0,NaN,NaN,NaN,NaN,0
2018/3/8 19:26:26 692,0,8,996,24,10,1,2,14,-135,52,0,0,0,NaN,NaN,NaN,NaN,0
2018/3/8 19:26:26 714,0,5,995,21,14,0,1,14,-138,53,0,0,0,NaN,NaN,NaN,NaN,0
2018/3/8 19:26:26 734,0,7,995,26,12,0,4,15,-138,51,0,0,0,NaN,NaN,NaN,NaN,0
2018/3/8 19:26:26 752,0,6,996,23,10,1,4,13,-138,51,0,0,0,NaN,NaN,NaN,NaN,0
2018/3/8 19:26:26 771,0,10,993,22,12,1,0,14,-137,50,0,0,0,NaN,NaN,NaN,NaN,0
2018/3/8 19:26:26 794,0,8,993,25,14,0,0,17,-136,51,0,0,0,NaN,NaN,NaN,NaN,0
2018/3/8 19:26:26 814,0,8,996,23,14,1,0,12,-138,50,0,0,0,NaN,NaN,NaN,NaN,0
2018/3/8 19:26:26 832,0,8,993,23,12,1,3,12,-139,50,0,0,0,NaN,NaN,NaN,NaN,0
2018/3/8 19:26:26 851,0,6,992,19,12,1,2,11,-138,49,0,0,0,NaN,NaN,NaN,NaN,0
2018/3/8 19:26:26 872,0,9,995,22,15,0,1,13,-138,54,0,0,0,NaN,NaN,NaN,NaN,0
2018/3/8 19:26:26 892,0,8,996,23,12,1,1,14,-136,53,0,0,0,NaN,NaN,NaN,NaN,0
2018/3/8 19:26:26 911,0,8,996,19,12,0,1,16,-140,53,0,0,0,NaN,NaN,NaN,NaN,0
2018/3/8 19:26:26 933,0,6,992,24,14,1,0,12,-137,52,0,0,0,NaN,NaN,NaN,NaN,0
2018/3/8 19:26:26 951,0,7,995,21,14,0,0,12,-140,53,0,0,0,NaN,NaN,NaN,NaN,0
2018/3/8 19:26:26 972,0,8,991,23,12,0,2,16,-136,52,0,0,0,NaN,NaN,NaN,NaN,0
2018/3/8 19:26:26 992,0,8,991,20,12,0,1,13,-134,54,0,0,0,NaN,NaN,NaN,NaN,0
2018/3/8 19:26:27 13,0,7,998,21,9,1,2,12,-135,53,0,0,0,NaN,NaN,NaN,NaN,0
2018/3/8 19:26:27 33,0,7,992,23,9,1,3,14,-136,54,0,0,0,NaN,NaN,NaN,NaN,0
2018/3/8 19:26:27 51,0,8,992,20,12,1,2,14,-138,52,0,0,0,NaN,NaN,NaN,NaN,0
2018/3/8 19:26:27 72,0,4,993,22,14,1,1,14,-140,52,0,0,0,NaN,NaN,NaN,NaN,0
2018/3/8 19:26:27 90,0,5,994,23,13,1,0,11,-134,54,0,0,0,NaN,NaN,NaN,NaN,0
2018/3/8 19:26:27 113,0,6,993,24,14,0,0,12,-136,51,0,0,0,NaN,NaN,NaN,NaN,0
2018/3/8 19:26:27 133,0,8,992,20,14,1,2,13,-135,52,0,0,0,NaN,NaN,NaN,NaN,0
2018/3/8 19:26:27 153,0,7,991,23,10,1,3,14,-136,52,0,0,0,NaN,NaN,NaN,NaN,0
2018/3/8 19:26:27 172,0,5,991,23,12,1,2,12,-137,51,0,0,0,NaN,NaN,NaN,NaN,0
2018/3/8 19:26:27 194,0,7,995,27,12,0,2,14,-136,51,0,0,0,NaN,NaN,NaN,NaN,0
2018/3/8 19:26:27 212,0,6,994,22,14,2,1,14,-135,54,0,0,0,NaN,NaN,NaN,NaN,0
2018/3/8 19:26:27 232,0,6,995,24,14,1,1,12,-138,51,0,0,0,NaN,NaN,NaN,NaN,0
2018/3/8 19:26:27 250,0,3,996,20,12,0,1,12,-137,50,0,0,0,NaN,NaN,NaN,NaN,0
2018/3/8 19:26:27 271,0,10,994,22,12,0,1,9,-138,52,0,0,0,NaN,NaN,NaN,NaN,0
2018/3/8 19:26:27 290,0,7,991,25,12,0,2,14,-135,55,0,0,0,NaN,NaN,NaN,NaN,0
2018/3/8 19:26:27 312,0,6,993,25,14,1,1,13,-138,53,0,0,0,NaN,NaN,NaN,NaN,0
2018/3/8 19:26:27 332,0,4,995,22,14,1,1,15,-135,53,0,0,0,NaN,NaN,NaN,NaN,0
2018/3/8 19:26:27 349,0,9,994,23,14,1,1,14,-138,51,0,0,0,NaN,NaN,NaN,NaN,0
2018/3/8 19:26:27 370,0,5,992,24,13,0,0,14,-138,52,0,0,0,NaN,NaN,NaN,NaN,0
2018/3/8 19:26:27 392,0,5,994,22,12,3,2,16,-139,51,0,0,0,NaN,NaN,NaN,NaN,0
2018/3/8 19:26:27 411,0,8,994,20,12,0,3,14,-138,52,0,0,0,NaN,NaN,NaN,NaN,0
2018/3/8 19:26:27 431,0,6,994,21,14,0,1,12,-138,50,0,0,0,NaN,NaN,NaN,NaN,0
2018/3/8 19:26:27 450,0,9,996,20,12,0,1,12,-142,51,0,0,0,NaN,NaN,NaN,NaN,0
2018/3/8 19:26:27 469,0,7,996,21,12,1,1,16,-136,53,0,0,0,NaN,NaN,NaN,NaN,0
2018/3/8 19:26:27 491,0,7,993,21,12,0,1,8,-136,48,0,0,0,NaN,NaN,NaN,NaN,0
2018/3/8 19:26:27 511,0,3,992,23,12,1,1,16,-139,54,0,0,0,NaN,NaN,NaN,NaN,0
2018/3/8 19:26:27 531,0,6,992,21,13,1,0,13,-139,51,0,0,0,NaN,NaN,NaN,NaN,0
2018/3/8 19:26:27 549,0,6,995,27,14,3,1,14,-140,50,0,0,0,NaN,NaN,NaN,NaN,0
2018/3/8 19:26:27 571,0,5,995,18,11,0,2,14,-137,51,0,0,0,NaN,NaN,NaN,NaN,0
2018/3/8 19:26:27 590,0,7,992,26,10,1,2,13,-136,51,0,0,0,NaN,NaN,NaN,NaN,0
2018/3/8 19:26:27 610,0,8,992,20,12,1,1,13,-140,52,0,0,0,NaN,NaN,NaN,NaN,0
2018/3/8 19:26:27 630,0,7,991,24,14,1,0,12,-137,52,0,0,0,NaN,NaN,NaN,NaN,0
2018/3/8 19:26:27 648,0,7,996,21,14,0,1,15,-140,50,0,0,0,NaN,NaN,NaN,NaN,0
2018/3/8 19:26:27 671,0,5,993,19,11,0,1,15,-135,48,0,0,0,NaN,NaN,NaN,NaN,0
2018/3/8 19:26:27 691,0,7,996,22,10,1,2,12,-136,51,0,0,0,NaN,NaN,NaN,NaN,0
2018/3/8 19:26:27 711,0,5,992,22,14,1,1,16,-136,51,0,0,0,NaN,NaN,NaN,NaN,0
2018/3/8 19:26:27 731,0,5,996,23,15,1,1,12,-139,51,0,0,0,NaN,NaN,NaN,NaN,0
2018/3/8 19:26:27 749,0,5,995,23,12,0,0,10,-137,52,0,0,0,NaN,NaN,NaN,NaN,0
2018/3/8 19:26:27 770,0,7,995,26,10,0,1,14,-139,52,0,0,0,NaN,NaN,NaN,NaN,0
2018/3/8 19:26:27 790,0,7,1000,22,14,0,0,13,-137,54,0,0,0,NaN,NaN,NaN,NaN,0
2018/3/8 19:26:27 809,0,7,990,22,17,1,-1,13,-140,50,0,0,0,NaN,NaN,NaN,NaN,0
2018/3/8 19:26:27 831,0,7,992,22,16,1,-1,12,-138,53,0,0,0,NaN,NaN,NaN,NaN,0
2018/3/8 19:26:27 850,0,8,995,24,15,3,-1,13,-135,52,0,0,0,NaN,NaN,NaN,NaN,0
2018/3/8 19:26:27 868,0,6,994,28,19,1,-2,12,-136,53,0,0,0,NaN,NaN,NaN,NaN,0
2018/3/8 19:26:27 890,0,6,996,19,15,1,0,13,-133,54,0,0,0,NaN,NaN,NaN,NaN,0
2018/3/8 19:26:31 115,0,6,-1007,-37,0,4,2,30,164,28,0,0,0,NaN,NaN,NaN,NaN,0
2018/3/8 19:26:31 117,0,6,-1006,-30,1,4,3,28,163,29,0,0,0,NaN,NaN,NaN,NaN,0
2018/3/8 19:26:31 127,0,4,-1008,-31,0,4,3,26,162,27,0,0,0,NaN,NaN,NaN,NaN,0
2018/3/8 19:26:31 149,0,8,-1007,-33,0,5,1,28,162,26,0,0,0,NaN,NaN,NaN,NaN,0
2018/3/8 19:26:31 168,0,4,-1006,-30,0,3,3,27,164,26,0,0,0,NaN,NaN,NaN,NaN,0
2018/3/8 19:26:31 178,0,6,-1007,-34,1,4,3,28,163,29,0,0,0,NaN,NaN,NaN,NaN,0
2018/3/8 19:26:31 204,0,6,-1010,-35,2,2,2,28,164,29,0,0,0,NaN,NaN,NaN,NaN,0
2018/3/8 19:26:31 224,0,8,-1008,-34,0,4,3,29,161,28,0,0,0,NaN,NaN,NaN,NaN,0
2018/3/8 19:26:31 240,0,5,-1005,-31,0,5,3,28,167,31,0,0,0,NaN,NaN,NaN,NaN,0
2018/3/8 19:26:31 264,0,6,-1005,-33,1,4,3,31,166,29,0,0,0,NaN,NaN,NaN,NaN,0
2018/3/8 19:26:31 281,0,9,-1007,-31,3,4,3,26,166,30,0,0,0,NaN,NaN,NaN,NaN,0
2018/3/8 19:26:31 303,0,4,-1007,-32,0,5,4,29,164,29,0,0,0,NaN,NaN,NaN,NaN,0
2018/3/8 19:26:31 319,0,9,-1005,-35,0,4,3,28,163,31,0,0,0,NaN,NaN,NaN,NaN,0
2018/3/8 19:26:31 345,0,6,-1007,-30,0,4,2,28,163,31,0,0,0,NaN,NaN,NaN,NaN,0
2018/3/8 19:26:31 365,0,11,-1004,-30,-2,6,3,27,165,29,0,0,0,NaN,NaN,NaN,NaN,0
2018/3/8 19:26:31 383,0,3,-1006,-31,1,4,1,30,163,28,0,0,0,NaN,NaN,NaN,NaN,0
2018/3/8 19:26:31 401,0,5,-1007,-34,1,4,3,30,163,33,0,0,0,NaN,NaN,NaN,NaN,0
2018/3/8 19:26:31 425,0,8,-1006,-31,1,5,3,27,162,30,0,0,0,NaN,NaN,NaN,NaN,0
2018/3/8 19:26:31 441,0,8,-1006,-36,0,5,4,26,162,28,0,0,0,NaN,NaN,NaN,NaN,0
2018/3/8 19:26:31 459,0,6,-1009,-38,0,6,2,27,163,30,0,0,0,NaN,NaN,NaN,NaN,0
2018/3/8 19:26:31 479,0,5,-1008,-33,0,6,3,29,163,26,0,0,0,NaN,NaN,NaN,NaN,0
2018/3/8 19:26:31 499,0,5,-1008,-34,0,6,3,29,163,31,0,0,0,NaN,NaN,NaN,NaN,0
2018/3/8 19:26:31 521,0,8,-1008,-31,1,5,4,29,166,30,0,0,0,NaN,NaN,NaN,NaN,0
2018/3/8 19:26:31 549,0,6,-1007,-32,1,5,4,29,165,31,0,0,0,NaN,NaN,NaN,NaN,0
2018/3/8 19:26:31 558,0,7,-1008,-32,1,4,2,28,162,27,0,0,0,NaN,NaN,NaN,NaN,0
2018/3/8 19:26:31 579,0,5,-1007,-32,0,5,3,29,162,28,0,0,0,NaN,NaN,NaN,NaN,0
2018/3/8 19:26:31 600,0,4,-1008,-35,1,6,4,28,165,29,0,0,0,NaN,NaN,NaN,NaN,0
2018/3/8 19:26:31 618,0,5,-1009,-33,0,4,3,27,163,29,0,0,0,NaN,NaN,NaN,NaN,0
2018/3/8 19:26:31 640,0,9,-1006,-32,-1,4,3,29,167,29,0,0,0,NaN,NaN,NaN,NaN,0
2018/3/8 19:26:31 659,0,5,-1005,-34,-1,4,2,26,166,30,0,0,0,NaN,NaN,NaN,NaN,0
2018/3/8 19:26:31 678,0,5,-1006,-31,0,4,4,25,166,29,0,0,0,NaN,NaN,NaN,NaN,0
2018/3/8 19:26:31 698,0,3,-1006,-34,2,5,3,27,164,30,0,0,0,NaN,NaN,NaN,NaN,0
2018/3/8 19:26:31 718,0,5,-1006,-32,0,4,4,28,165,28,0,0,0,NaN,NaN,NaN,NaN,0
2018/3/8 19:26:31 738,0,6,-1007,-34,0,5,3,27,168,29,0,0,0,NaN,NaN,NaN,NaN,0
2018/3/8 19:26:31 757,0,7,-1006,-34,0,5,3,27,165,31,0,0,0,NaN,NaN,NaN,NaN,0
2018/3/8 19:26:31 779,0,4,-1003,-36,0,4,3,27,164,31,0,0,0,NaN,NaN,NaN,NaN,0
2018/3/8 19:26:31 799,0,7,-1004,-32,0,4,2,27,164,29,0,0,0,NaN,NaN,NaN,NaN,0
2018/3/8 19:26:31 819,0,4,-1006,-31,0,4,4,27,162,28,0,0,0,NaN,NaN,NaN,NaN,0
2018/3/8 19:26:31 839,0,7,-1008,-31,1,5,3,27,166,29,0,0,0,NaN,NaN,NaN,NaN,0
2018/3/8 19:26:31 857,0,10,-1005,-34,0,3,3,28,162,29,0,0,0,NaN,NaN,NaN,NaN,0
2018/3/8 19:26:31 881,0,5,-1007,-32,0,4,3,29,164,32,0,0,0,NaN,NaN,NaN,NaN,0
2018/3/8 19:26:31 897,0,5,-1005,-30,0,4,2,30,164,31,0,0,0,NaN,NaN,NaN,NaN,0
2018/3/8 19:26:31 917,0,6,-1005,-33,0,5,4,29,164,30,0,0,0,NaN,NaN,NaN,NaN,0
2018/3/8 19:26:31 937,0,9,-1008,-31,0,5,3,26,160,31,0,0,0,NaN,NaN,NaN,NaN,0
2018/3/8 19:26:31 955,0,8,-1005,-35,0,4,3,27,165,27,0,0,0,NaN,NaN,NaN,NaN,0
2018/3/8 19:26:31 977,0,8,-1006,-34,1,4,3,30,166,30,0,0,0,NaN,NaN,NaN,NaN,0
2018/3/8 19:26:31 997,0,9,-1005,-33,0,6,4,27,164,30,0,0,0,NaN,NaN,NaN,NaN,0
2018/3/8 19:26:32 17,0,8,-1006,-33,0,5,3,31,168,30,0,0,0,NaN,NaN,NaN,NaN,0
2018/3/8 19:26:32 37,0,5,-1008,-30,-1,4,3,28,162,32,0,0,0,NaN,NaN,NaN,NaN,0
2018/3/8 19:26:32 55,0,5,-1005,-33,1,6,3,28,165,30,0,0,0,NaN,NaN,NaN,NaN,0
2018/3/8 19:26:32 79,0,6,-1006,-41,0,4,3,28,164,32,0,0,0,NaN,NaN,NaN,NaN,0
2018/3/8 19:26:32 97,0,8,-1006,-35,0,5,2,28,164,32,0,0,0,NaN,NaN,NaN,NaN,0
2018/3/8 19:26:32 117,0,5,-1004,-29,-1,4,3,27,162,29,0,0,0,NaN,NaN,NaN,NaN,0
2018/3/8 19:26:32 137,0,6,-1007,-35,0,5,3,31,163,28,0,0,0,NaN,NaN,NaN,NaN,0
2018/3/8 19:26:32 154,0,10,-1007,-31,-1,5,3,27,165,30,0,0,0,NaN,NaN,NaN,NaN,0
2018/3/8 19:26:32 176,0,7,-1003,-35,1,4,3,26,167,31,0,0,0,NaN,NaN,NaN,NaN,0
2018/3/8 19:26:32 197,0,9,-1005,-35,2,6,2,25,166,29,0,0,0,NaN,NaN,NaN,NaN,0
2018/3/8 19:26:32 217,0,5,-1008,-34,0,4,3,26,165,29,0,0,0,NaN,NaN,NaN,NaN,0
2018/3/8 19:26:32 237,0,7,-1006,-33,0,4,2,26,166,31,0,0,0,NaN,NaN,NaN,NaN,0
2018/3/8 19:26:32 256,0,6,-1002,-35,0,6,2,27,163,30,0,0,0,NaN,NaN,NaN,NaN,0
2018/3/8 19:26:32 276,0,6,-1005,-35,0,4,1,29,164,29,0,0,0,NaN,NaN,NaN,NaN,0
2018/3/8 19:26:32 297,0,4,-1011,-35,1,6,3,28,162,30,0,0,0,NaN,NaN,NaN,NaN,0
2018/3/8 19:26:32 317,0,5,-1005,-31,-1,6,2,27,166,29,0,0,0,NaN,NaN,NaN,NaN,0
2018/3/8 19:26:32 336,0,6,-1006,-37,1,4,2,27,166,29,0,0,0,NaN,NaN,NaN,NaN,0
2018/3/8 19:26:32 355,0,9,-1006,-27,3,3,1,27,166,29,0,0,0,NaN,NaN,NaN,NaN,0
2018/3/8 19:26:32 376,0,6,-1005,-33,0,4,3,29,163,28,0,0,0,NaN,NaN,NaN,NaN,0
2018/3/8 19:26:32 396,0,9,-1008,-32,-1,4,3,25,166,29,0,0,0,NaN,NaN,NaN,NaN,0
2018/3/8 19:26:32 415,0,6,-1006,-30,0,4,3,30,164,31,0,0,0,NaN,NaN,NaN,NaN,0
2018/3/8 19:26:32 434,0,8,-1005,-31,0,5,4,29,164,29,0,0,0,NaN,NaN,NaN,NaN,0
2018/3/8 19:26:32 454,0,5,-1007,-35,0,5,4,27,167,29,0,0,0,NaN,NaN,NaN,NaN,0
2018/3/8 19:26:32 474,0,8,-1005,-33,0,4,3,27,166,32,0,0,0,NaN,NaN,NaN,NaN,0
2018/3/8 19:26:32 496,0,8,-1007,-32,0,4,4,30,168,30,0,0,0,NaN,NaN,NaN,NaN,0
2018/3/8 19:26:32 516,0,3,-1010,-35,0,4,2,31,165,30,0,0,0,NaN,NaN,NaN,NaN,0
2018/3/8 19:26:32 536,0,9,-1008,-37,0,4,3,28,163,29,0,0,0,NaN,NaN,NaN,NaN,0
2018/3/8 19:26:32 554,0,7,-1005,-34,0,6,3,29,164,30,0,0,0,NaN,NaN,NaN,NaN,0
2018/3/8 19:26:32 578,0,7,-1007,-37,0,4,2,31,166,32,0,0,0,NaN,NaN,NaN,NaN,0
2018/3/8 19:26:32 597,0,9,-1004,-33,0,5,3,27,167,28,0,0,0,NaN,NaN,NaN,NaN,0
2018/3/8 19:26:32 615,0,7,-1005,-34,0,6,2,31,165,32,0,0,0,NaN,NaN,NaN,NaN,0
2018/3/8 19:26:32 636,0,7,-1007,-31,0,4,1,27,163,29,0,0,0,NaN,NaN,NaN,NaN,0
2018/3/8 19:26:32 655,0,9,-1002,-33,0,4,2,28,165,32,0,0,0,NaN,NaN,NaN,NaN,0
2018/3/8 19:26:32 675,0,3,-1005,-33,0,6,3,26,164,30,0,0,0,NaN,NaN,NaN,NaN,0
2018/3/8 19:26:32 696,0,9,-1005,-32,0,4,2,29,169,30,0,0,0,NaN,NaN,NaN,NaN,0
2018/3/8 19:26:32 717,0,9,-1005,-31,0,6,3,28,162,29,0,0,0,NaN,NaN,NaN,NaN,0
2018/3/8 19:26:32 735,0,8,-1007,-31,0,6,4,25,165,28,0,0,0,NaN,NaN,NaN,NaN,0
2018/3/8 19:26:32 754,0,8,-1006,-28,0,6,3,29,165,29,0,0,0,NaN,NaN,NaN,NaN,0
2018/3/8 19:26:32 774,0,5,-1007,-32,0,4,2,27,167,32,0,0,0,NaN,NaN,NaN,NaN,0
2018/3/8 19:26:32 796,0,10,-1008,-37,-1,5,2,30,163,26,0,0,0,NaN,NaN,NaN,NaN,0
2018/3/8 19:26:32 816,0,10,-1008,-33,0,5,3,30,164,30,0,0,0,NaN,NaN,NaN,NaN,0
2018/3/8 19:26:32 836,0,6,-1006,-34,1,5,3,28,162,28,0,0,0,NaN,NaN,NaN,NaN,0
2018/3/8 19:26:32 854,0,9,-1006,-27,2,5,3,28,165,30,0,0,0,NaN,NaN,NaN,NaN,0
2018/3/8 19:26:32 878,0,6,-1007,-34,1,5,3,30,165,28,0,0,0,NaN,NaN,NaN,NaN,0
2018/3/8 19:26:32 896,0,4,-1003,-31,1,5,3,29,164,30,0,0,0,NaN,NaN,NaN,NaN,0
2018/3/8 19:26:32 914,0,5,-1006,-33,0,4,4,27,162,29,0,0,0,NaN,NaN,NaN,NaN,0
2018/3/8 19:26:32 971,0,6,-1007,-26,-1,5,3,29,163,31,0,0,0,NaN,NaN,NaN,NaN,0
2018/3/8 19:26:38 501,0,-990,2,-38,10,3,1,124,28,101,0,0,0,NaN,NaN,NaN,NaN,0
2018/3/8 19:26:38 509,0,-988,1,-35,9,8,3,126,27,104,0,0,0,NaN,NaN,NaN,NaN,0
2018/3/8 19:26:38 521,0,-990,0,-32,12,10,4,129,26,101,0,0,0,NaN,NaN,NaN,NaN,0
2018/3/8 19:26:38 539,0,-988,5,-37,12,8,3,126,28,101,0,0,0,NaN,NaN,NaN,NaN,0
2018/3/8 19:26:38 558,0,-988,6,-37,10,4,0,127,26,103,0,0,0,NaN,NaN,NaN,NaN,0
2018/3/8 19:26:38 580,0,-991,3,-36,7,3,1,126,27,103,0,0,0,NaN,NaN,NaN,NaN,0
2018/3/8 19:26:38 600,0,-989,0,-36,10,7,3,125,26,102,0,0,0,NaN,NaN,NaN,NaN,0
2018/3/8 19:26:38 618,0,-991,1,-34,11,9,3,125,28,103,0,0,0,NaN,NaN,NaN,NaN,0
2018/3/8 19:26:38 640,0,-991,1,-34,9,9,0,127,29,103,0,0,0,NaN,NaN,NaN,NaN,0
2018/3/8 19:26:38 657,0,-991,3,-35,9,10,3,127,25,103,0,0,0,NaN,NaN,NaN,NaN,0
2018/3/8 19:26:38 676,0,-989,4,-37,9,10,5,126,26,104,0,0,0,NaN,NaN,NaN,NaN,0
2018/3/8 19:26:38 698,0,-989,7,-37,12,9,4,126,26,103,0,0,0,NaN,NaN,NaN,NaN,0
2018/3/8 19:26:38 720,0,-989,5,-32,12,4,1,129,26,102,0,0,0,NaN,NaN,NaN,NaN,0
2018/3/8 19:26:38 738,0,-988,1,-38,12,6,0,125,27,103,0,0,0,NaN,NaN,NaN,NaN,0
2018/3/8 19:26:38 758,0,-991,1,-37,12,7,3,126,28,103,0,0,0,NaN,NaN,NaN,NaN,0
2018/3/8 19:26:38 778,0,-988,6,-33,9,7,3,127,27,103,0,0,0,NaN,NaN,NaN,NaN,0
2018/3/8 19:26:38 799,0,-989,3,-31,10,7,1,126,24,106,0,0,0,NaN,NaN,NaN,NaN,0
2018/3/8 19:26:38 819,0,-991,5,-35,9,4,1,124,27,104,0,0,0,NaN,NaN,NaN,NaN,0
2018/3/8 19:26:38 839,0,-989,1,-34,11,5,1,124,26,105,0,0,0,NaN,NaN,NaN,NaN,0
2018/3/8 19:26:38 858,0,-991,2,-41,11,7,2,125,27,105,0,0,0,NaN,NaN,NaN,NaN,0
2018/3/8 19:26:38 878,0,-990,1,-40,10,9,1,126,27,103,0,0,0,NaN,NaN,NaN,NaN,0
2018/3/8 19:26:38 898,0,-989,3,-37,11,3,0,128,29,103,0,0,0,NaN,NaN,NaN,NaN,0
2018/3/8 19:26:38 918,0,-989,5,-33,12,4,1,125,25,103,0,0,0,NaN,NaN,NaN,NaN,0
2018/3/8 19:26:38 938,0,-990,2,-31,10,4,1,126,25,101,0,0,0,NaN,NaN,NaN,NaN,0
2018/3/8 19:26:38 957,0,-990,0,-39,10,9,3,125,25,102,0,0,0,NaN,NaN,NaN,NaN,0
2018/3/8 19:26:38 978,0,-991,0,-37,10,10,3,125,27,103,0,0,0,NaN,NaN,NaN,NaN,0
2018/3/8 19:26:39 0,0,-989,2,-33,11,6,1,122,28,104,0,0,0,NaN,NaN,NaN,NaN,0
2018/3/8 19:26:39 18,0,-989,4,-32,12,4,1,124,27,102,0,0,0,NaN,NaN,NaN,NaN,0
2018/3/8 19:26:39 42,0,-989,3,-33,10,9,1,127,27,102,0,0,0,NaN,NaN,NaN,NaN,0
2018/3/8 19:26:39 57,0,-987,9,-40,10,9,4,124,26,102,0,0,0,NaN,NaN,NaN,NaN,0
2018/3/8 19:26:39 81,0,-992,2,-32,14,8,3,125,26,102,0,0,0,NaN,NaN,NaN,NaN,0
2018/3/8 19:26:39 105,0,-993,8,-36,11,6,1,125,27,101,0,0,0,NaN,NaN,NaN,NaN,0
2018/3/8 19:26:39 121,0,-991,1,-36,10,7,0,127,30,102,0,0,0,NaN,NaN,NaN,NaN,0
2018/3/8 19:26:39 141,0,-989,6,-33,12,6,1,125,27,101,0,0,0,NaN,NaN,NaN,NaN,0
2018/3/8 19:26:39 159,0,-990,5,-34,12,8,4,123,28,103,0,0,0,NaN,NaN,NaN,NaN,0
2018/3/8 19:26:39 175,0,-991,5,-36,13,7,1,125,26,103,0,0,0,NaN,NaN,NaN,NaN,0
2018/3/8 19:26:39 197,0,-989,2,-35,10,4,0,123,25,104,0,0,0,NaN,NaN,NaN,NaN,0
2018/3/8 19:26:39 217,0,-991,5,-34,10,1,0,126,26,100,0,0,0,NaN,NaN,NaN,NaN,0
2018/3/8 19:26:39 239,0,-988,0,-34,12,4,3,124,27,102,0,0,0,NaN,NaN,NaN,NaN,0
2018/3/8 19:26:39 256,0,-991,1,-37,11,9,2,127,23,102,0,0,0,NaN,NaN,NaN,NaN,0
2018/3/8 19:26:39 280,0,-990,4,-36,12,9,3,126,28,101,0,0,0,NaN,NaN,NaN,NaN,0
2018/3/8 19:26:39 298,0,-988,4,-36,10,8,3,126,25,103,0,0,0,NaN,NaN,NaN,NaN,0
2018/3/8 19:26:39 316,0,-992,5,-36,11,8,3,125,27,105,0,0,0,NaN,NaN,NaN,NaN,0
2018/3/8 19:26:39 336,0,-991,3,-37,11,8,3,127,25,106,0,0,0,NaN,NaN,NaN,NaN,0
2018/3/8 19:26:39 355,0,-990,1,-35,12,6,1,125,27,104,0,0,0,NaN,NaN,NaN,NaN,0
2018/3/8 19:26:39 375,0,-986,4,-40,13,5,2,126,27,101,0,0,0,NaN,NaN,NaN,NaN,0
2018/3/8 19:26:39 397,0,-989,4,-32,13,6,3,129,23,103,0,0,0,NaN,NaN,NaN,NaN,0
2018/3/8 19:26:39 417,0,-989,4,-37,11,6,1,126,25,101,0,0,0,NaN,NaN,NaN,NaN,0
2018/3/8 19:26:39 436,0,-989,3,-42,11,6,2,125,26,102,0,0,0,NaN,NaN,NaN,NaN,0
2018/3/8 19:26:39 455,0,-987,3,-35,12,10,4,129,26,101,0,0,0,NaN,NaN,NaN,NaN,0
2018/3/8 19:26:39 474,0,-994,3,-36,11,3,1,127,27,102,0,0,0,NaN,NaN,NaN,NaN,0
2018/3/8 19:26:39 498,0,-992,3,-35,12,4,1,125,30,104,0,0,0,NaN,NaN,NaN,NaN,0
2018/3/8 19:26:39 516,0,-989,1,-34,12,7,3,129,26,103,0,0,0,NaN,NaN,NaN,NaN,0
2018/3/8 19:26:39 538,0,-989,4,-35,10,9,1,127,28,102,0,0,0,NaN,NaN,NaN,NaN,0
2018/3/8 19:26:39 555,0,-989,3,-35,10,6,3,126,25,102,0,0,0,NaN,NaN,NaN,NaN,0
2018/3/8 19:26:39 575,0,-991,7,-36,12,4,2,126,26,104,0,0,0,NaN,NaN,NaN,NaN,0
2018/3/8 19:26:39 595,0,-989,4,-32,13,6,3,124,26,103,0,0,0,NaN,NaN,NaN,NaN,0
2018/3/8 19:26:39 616,0,-992,2,-37,12,9,2,131,27,103,0,0,0,NaN,NaN,NaN,NaN,0
2018/3/8 19:26:39 636,0,-993,2,-43,12,6,0,125,28,106,0,0,0,NaN,NaN,NaN,NaN,0
2018/3/8 19:26:39 656,0,-989,2,-37,12,4,0,128,25,103,0,0,0,NaN,NaN,NaN,NaN,0
2018/3/8 19:26:39 675,0,-990,3,-32,10,5,2,130,26,103,0,0,0,NaN,NaN,NaN,NaN,0
2018/3/8 19:26:39 696,0,-989,3,-37,10,5,2,127,28,103,0,0,0,NaN,NaN,NaN,NaN,0
2018/3/8 19:26:39 716,0,-990,3,-39,12,7,3,124,27,102,0,0,0,NaN,NaN,NaN,NaN,0
2018/3/8 19:26:39 736,0,-990,2,-35,12,6,2,127,27,103,0,0,0,NaN,NaN,NaN,NaN,0
2018/3/8 19:26:39 756,0,-988,3,-36,11,4,1,126,26,103,0,0,0,NaN,NaN,NaN,NaN,0
2018/3/8 19:26:39 774,0,-992,2,-34,10,6,1,127,27,104,0,0,0,NaN,NaN,NaN,NaN,0
2018/3/8 19:26:39 796,0,-989,2,-35,12,5,1,128,26,105,0,0,0,NaN,NaN,NaN,NaN,0
2018/3/8 19:26:39 814,0,-991,5,-34,11,6,2,125,25,101,0,0,0,NaN,NaN,NaN,NaN,0
2018/3/8 19:26:39 836,0,-989,6,-38,11,4,1,128,26,104,0,0,0,NaN,NaN,NaN,NaN,0
2018/3/8 19:26:39 855,0,-990,6,-37,12,7,2,127,31,105,0,0,0,NaN,NaN,NaN,NaN,0
2018/3/8 19:26:39 874,0,-991,2,-38,10,10,2,125,26,102,0,0,0,NaN,NaN,NaN,NaN,0
2018/3/8 19:26:39 894,0,-989,3,-33,12,6,3,125,27,103,0,0,0,NaN,NaN,NaN,NaN,0
2018/3/8 19:26:39 914,0,-989,3,-38,12,5,1,128,25,102,0,0,0,NaN,NaN,NaN,NaN,0
2018/3/8 19:26:39 934,0,-990,4,-33,14,6,4,124,28,105,0,0,0,NaN,NaN,NaN,NaN,0
2018/3/8 19:26:39 954,0,-990,3,-33,13,6,2,126,30,105,0,0,0,NaN,NaN,NaN,NaN,0
2018/3/8 19:26:39 972,0,-988,3,-41,13,7,2,126,26,103,0,0,0,NaN,NaN,NaN,NaN,0
2018/3/8 19:26:39 994,0,-991,4,-41,12,6,1,126,24,103,0,0,0,NaN,NaN,NaN,NaN,0
2018/3/8 19:26:40 14,0,-989,3,-36,12,4,2,126,25,102,0,0,0,NaN,NaN,NaN,NaN,0
2018/3/8 19:26:40 36,0,-990,2,-36,12,6,1,125,27,104,0,0,0,NaN,NaN,NaN,NaN,0
2018/3/8 19:26:40 54,0,-989,3,-39,12,4,1,125,29,103,0,0,0,NaN,NaN,NaN,NaN,0
2018/3/8 19:26:40 74,0,-991,1,-34,12,7,3,125,27,103,0,0,0,NaN,NaN,NaN,NaN,0
2018/3/8 19:26:40 94,0,-989,3,-39,13,6,1,127,27,105,0,0,0,NaN,NaN,NaN,NaN,0
2018/3/8 19:26:40 114,0,-990,3,-36,12,6,2,129,25,107,0,0,0,NaN,NaN,NaN,NaN,0
2018/3/8 19:26:40 134,0,-992,2,-33,13,9,4,126,28,102,0,0,0,NaN,NaN,NaN,NaN,0
2018/3/8 19:26:40 154,0,-988,3,-35,12,4,2,123,24,103,0,0,0,NaN,NaN,NaN,NaN,0
2018/3/8 19:26:40 171,0,-992,4,-35,12,3,1,126,27,101,0,0,0,NaN,NaN,NaN,NaN,0
2018/3/8 19:26:40 193,0,-991,6,-39,12,4,1,125,28,102,0,0,0,NaN,NaN,NaN,NaN,0
2018/3/8 19:26:40 213,0,-989,5,-38,13,4,1,129,26,105,0,0,0,NaN,NaN,NaN,NaN,0
2018/3/8 19:26:40 233,0,-990,1,-36,12,4,1,128,28,102,0,0,0,NaN,NaN,NaN,NaN,0
2018/3/8 19:26:40 255,0,-989,4,-33,13,5,2,126,26,103,0,0,0,NaN,NaN,NaN,NaN,0
2018/3/8 19:26:40 272,0,-989,2,-36,12,6,3,130,26,104,0,0,0,NaN,NaN,NaN,NaN,0
2018/3/8 19:26:40 293,0,-989,9,-33,13,5,2,127,28,102,0,0,0,NaN,NaN,NaN,NaN,0
2018/3/8 19:26:40 312,0,-990,2,-39,12,4,1,126,24,102,0,0,0,NaN,NaN,NaN,NaN,0
2018/3/8 19:26:40 334,0,-991,5,-39,13,5,2,127,24,106,0,0,0,NaN,NaN,NaN,NaN,0
2018/3/8 19:26:40 353,0,-990,3,-38,13,5,3,126,29,102,0,0,0,NaN,NaN,NaN,NaN,0
2018/3/8 19:26:52 550,0,1018,-14,50,7,2,0,-311,86,91,0,0,0,NaN,NaN,NaN,NaN,0
2018/3/8 19:26:52 551,0,1013,-6,52,7,7,3,-310,87,93,0,0,0,NaN,NaN,NaN,NaN,0
2018/3/8 19:26:52 560,0,1012,-4,56,8,10,4,-309,88,91,0,0,0,NaN,NaN,NaN,NaN,0
2018/3/8 19:26:52 578,0,1017,-9,58,8,14,6,-312,85,91,0,0,0,NaN,NaN,NaN,NaN,0
2018/3/8 19:26:52 598,0,1014,-12,54,8,12,5,-311,84,96,0,0,0,NaN,NaN,NaN,NaN,0
2018/3/8 19:26:52 618,0,1009,-14,55,5,9,3,-310,86,93,0,0,0,NaN,NaN,NaN,NaN,0
2018/3/8 19:26:52 648,0,1010,-9,56,7,12,5,-312,90,94,0,0,0,NaN,NaN,NaN,NaN,0
2018/3/8 19:26:52 663,0,1011,-12,56,9,13,7,-308,84,94,0,0,0,NaN,NaN,NaN,NaN,0
2018/3/8 19:26:52 685,0,1010,-12,51,8,9,4,-313,87,97,0,0,0,NaN,NaN,NaN,NaN,0
2018/3/8 19:26:52 703,0,999,-12,52,9,7,3,-311,84,93,0,0,0,NaN,NaN,NaN,NaN,0
2018/3/8 19:26:52 719,0,1003,-11,53,6,7,3,-312,86,91,0,0,0,NaN,NaN,NaN,NaN,0
2018/3/8 19:26:52 739,0,1009,-11,52,8,9,3,-310,86,91,0,0,0,NaN,NaN,NaN,NaN,0
2018/3/8 19:26:52 757,0,1009,-9,59,8,4,0,-308,84,94,0,0,0,NaN,NaN,NaN,NaN,0
2018/3/8 19:26:52 779,0,1006,-7,53,7,0,-4,-310,86,92,0,0,0,NaN,NaN,NaN,NaN,0
2018/3/8 19:26:52 799,0,1010,-3,53,7,6,1,-312,86,91,0,0,0,NaN,NaN,NaN,NaN,0
2018/3/8 19:26:52 821,0,1009,-8,57,8,12,6,-312,86,92,0,0,0,NaN,NaN,NaN,NaN,0
2018/3/8 19:26:52 837,0,1015,-11,58,9,6,3,-309,83,93,0,0,0,NaN,NaN,NaN,NaN,0
2018/3/8 19:26:52 858,0,1010,-10,56,7,1,-1,-311,85,92,0,0,0,NaN,NaN,NaN,NaN,0
2018/3/8 19:26:52 887,0,1012,-13,53,8,2,-1,-311,90,92,0,0,0,NaN,NaN,NaN,NaN,0
2018/3/8 19:26:52 897,0,1010,-14,52,8,6,2,-311,84,93,0,0,0,NaN,NaN,NaN,NaN,0
2018/3/8 19:26:52 917,0,1011,-13,53,9,10,5,-312,87,91,0,0,0,NaN,NaN,NaN,NaN,0
2018/3/8 19:26:52 937,0,1009,-11,52,9,6,3,-312,86,93,0,0,0,NaN,NaN,NaN,NaN,0
2018/3/8 19:26:52 955,0,1007,-12,54,9,4,3,-311,84,93,0,0,0,NaN,NaN,NaN,NaN,0
2018/3/8 19:26:52 977,0,1013,-8,50,8,4,1,-312,86,92,0,0,0,NaN,NaN,NaN,NaN,0
2018/3/8 19:26:53 1,0,1012,-6,52,9,7,3,-311,88,95,0,0,0,NaN,NaN,NaN,NaN,0
2018/3/8 19:26:53 21,0,1009,-11,50,6,6,3,-311,85,94,0,0,0,NaN,NaN,NaN,NaN,0
2018/3/8 19:26:53 41,0,1011,-11,52,7,9,3,-310,86,96,0,0,0,NaN,NaN,NaN,NaN,0
2018/3/8 19:26:53 55,0,1010,-9,55,8,9,3,-309,84,93,0,0,0,NaN,NaN,NaN,NaN,0
2018/3/8 19:26:53 86,0,1009,-15,50,8,7,4,-312,87,91,0,0,0,NaN,NaN,NaN,NaN,0
2018/3/8 19:26:53 104,0,1009,-11,55,8,7,1,-311,84,91,0,0,0,NaN,NaN,NaN,NaN,0
2018/3/8 19:26:53 118,0,1010,-11,53,5,6,2,-312,85,93,0,0,0,NaN,NaN,NaN,NaN,0
2018/3/8 19:26:53 138,0,1008,-14,54,7,9,4,-311,84,91,0,0,0,NaN,NaN,NaN,NaN,0
2018/3/8 19:26:53 156,0,1007,-11,52,8,8,2,-311,84,93,0,0,0,NaN,NaN,NaN,NaN,0
2018/3/8 19:26:53 178,0,1015,-12,54,9,7,1,-310,84,97,0,0,0,NaN,NaN,NaN,NaN,0
2018/3/8 19:26:53 196,0,1016,-12,49,9,8,2,-309,87,93,0,0,0,NaN,NaN,NaN,NaN,0
2018/3/8 19:26:53 221,0,1011,-9,51,9,6,1,-311,84,92,0,0,0,NaN,NaN,NaN,NaN,0
2018/3/8 19:26:53 237,0,1011,-8,56,7,13,6,-311,85,92,0,0,0,NaN,NaN,NaN,NaN,0
2018/3/8 19:26:53 256,0,1003,-13,52,8,13,6,-312,83,95,0,0,0,NaN,NaN,NaN,NaN,0
2018/3/8 19:26:53 280,0,1008,-9,53,7,6,2,-313,88,96,0,0,0,NaN,NaN,NaN,NaN,0
2018/3/8 19:26:53 300,0,1011,-10,54,8,3,1,-313,86,92,0,0,0,NaN,NaN,NaN,NaN,0
2018/3/8 19:26:53 316,0,1009,-12,54,7,-2,-2,-312,85,95,0,0,0,NaN,NaN,NaN,NaN,0
2018/3/8 19:26:53 336,0,1015,-16,51,7,2,0,-311,83,94,0,0,0,NaN,NaN,NaN,NaN,0
2018/3/8 19:26:53 358,0,1015,-14,53,7,9,4,-309,84,92,0,0,0,NaN,NaN,NaN,NaN,0
2018/3/8 19:26:53 378,0,1013,-12,53,8,11,4,-311,88,93,0,0,0,NaN,NaN,NaN,NaN,0
2018/3/8 19:26:53 396,0,1018,-16,55,9,10,6,-311,84,91,0,0,0,NaN,NaN,NaN,NaN,0
2018/3/8 19:26:53 418,0,1022,-10,55,8,5,0,-312,86,95,0,0,0,NaN,NaN,NaN,NaN,0
2018/3/8 19:26:53 436,0,1018,-11,56,8,4,0,-309,86,92,0,0,0,NaN,NaN,NaN,NaN,0
2018/3/8 19:26:53 456,0,1011,-10,53,7,6,1,-311,87,91,0,0,0,NaN,NaN,NaN,NaN,0
2018/3/8 19:26:53 476,0,1010,-9,49,7,9,4,-310,90,94,0,0,0,NaN,NaN,NaN,NaN,0
2018/3/8 19:26:53 500,0,1002,-12,55,8,7,4,-312,87,95,0,0,0,NaN,NaN,NaN,NaN,0
2018/3/8 19:26:53 516,0,1009,-11,52,7,10,6,-310,88,93,0,0,0,NaN,NaN,NaN,NaN,0
2018/3/8 19:26:53 536,0,1012,-15,56,7,10,4,-310,88,93,0,0,0,NaN,NaN,NaN,NaN,0
2018/3/8 19:26:53 556,0,1020,-15,54,6,12,3,-309,83,89,0,0,0,NaN,NaN,NaN,NaN,0
2018/3/8 19:26:53 576,0,1016,-12,56,7,14,6,-310,86,95,0,0,0,NaN,NaN,NaN,NaN,0
2018/3/8 19:26:53 598,0,1013,-11,52,9,10,4,-311,87,91,0,0,0,NaN,NaN,NaN,NaN,0
2018/3/8 19:26:53 616,0,1017,-10,53,8,1,-1,-310,88,92,0,0,0,NaN,NaN,NaN,NaN,0
2018/3/8 19:26:53 636,0,1013,-13,54,9,0,-1,-308,84,94,0,0,0,NaN,NaN,NaN,NaN,0
2018/3/8 19:26:53 655,0,1008,-12,54,9,7,2,-308,84,91,0,0,0,NaN,NaN,NaN,NaN,0
2018/3/8 19:26:53 674,0,1006,-11,52,7,17,8,-310,88,94,0,0,0,NaN,NaN,NaN,NaN,0
2018/3/8 19:26:53 696,0,1006,-9,51,7,19,10,-311,87,95,0,0,0,NaN,NaN,NaN,NaN,0
2018/3/8 19:26:53 716,0,1010,-12,54,9,-4,-6,-311,90,94,0,0,0,NaN,NaN,NaN,NaN,0
2018/3/8 19:26:53 736,0,1014,-11,52,7,-8,-6,-310,88,97,0,0,0,NaN,NaN,NaN,NaN,0
2018/3/8 19:26:53 756,0,1015,-15,54,9,3,0,-312,82,93,0,0,0,NaN,NaN,NaN,NaN,0
2018/3/8 19:26:53 774,0,1014,-13,57,7,6,2,-311,85,91,0,0,0,NaN,NaN,NaN,NaN,0
2018/3/8 19:26:53 796,0,1005,-10,53,8,3,1,-313,87,93,0,0,0,NaN,NaN,NaN,NaN,0
2018/3/8 19:26:53 816,0,1004,-8,55,7,7,2,-311,84,95,0,0,0,NaN,NaN,NaN,NaN,0
2018/3/8 19:26:53 834,0,1009,-8,50,7,11,3,-309,84,92,0,0,0,NaN,NaN,NaN,NaN,0
2018/3/8 19:26:53 853,0,1014,-12,50,7,10,4,-311,88,92,0,0,0,NaN,NaN,NaN,NaN,0
2018/3/8 19:26:53 874,0,1016,-12,56,8,7,0,-312,87,95,0,0,0,NaN,NaN,NaN,NaN,0
2018/3/8 19:26:53 896,0,1008,-9,55,7,9,5,-309,83,92,0,0,0,NaN,NaN,NaN,NaN,0
2018/3/8 19:26:53 914,0,1012,-10,53,9,10,5,-312,84,95,0,0,0,NaN,NaN,NaN,NaN,0
2018/3/8 19:26:53 934,0,1004,-12,57,7,2,0,-310,84,95,0,0,0,NaN,NaN,NaN,NaN,0
2018/3/8 19:26:53 955,0,1014,-12,52,9,6,1,-308,88,93,0,0,0,NaN,NaN,NaN,NaN,0
2018/3/8 19:26:53 973,0,1014,-14,52,7,9,3,-311,87,93,0,0,0,NaN,NaN,NaN,NaN,0
2018/3/8 19:26:53 995,0,1017,-14,51,9,10,4,-310,89,92,0,0,0,NaN,NaN,NaN,NaN,0
2018/3/8 19:26:54 19,0,1017,-12,52,9,5,2,-310,85,93,0,0,0,NaN,NaN,NaN,NaN,0
2018/3/8 19:26:54 33,0,1005,-10,57,8,4,0,-310,85,91,0,0,0,NaN,NaN,NaN,NaN,0
2018/3/8 19:26:54 54,0,1010,-7,55,8,6,1,-312,84,91,0,0,0,NaN,NaN,NaN,NaN,0
2018/3/8 19:26:54 74,0,1006,-9,53,8,10,4,-310,86,95,0,0,0,NaN,NaN,NaN,NaN,0
2018/3/8 19:26:54 98,0,1007,-8,53,8,8,3,-311,85,91,0,0,0,NaN,NaN,NaN,NaN,0
2018/3/8 19:26:54 114,0,1007,-16,54,9,14,6,-312,86,89,0,0,0,NaN,NaN,NaN,NaN,0
2018/3/8 19:26:54 134,0,1014,-10,58,11,11,5,-311,87,88,0,0,0,NaN,NaN,NaN,NaN,0
2018/3/8 19:26:54 154,0,1011,-12,54,8,6,1,-312,86,92,0,0,0,NaN,NaN,NaN,NaN,0
2018/3/8 19:26:54 173,0,1013,-11,52,9,6,2,-307,88,93,0,0,0,NaN,NaN,NaN,NaN,0
2018/3/8 19:26:54 193,0,1010,-11,58,9,19,9,-310,86,96,0,0,0,NaN,NaN,NaN,NaN,0
2018/3/8 19:26:54 213,0,1008,-11,57,8,15,8,-310,87,91,0,0,0,NaN,NaN,NaN,NaN,0
2018/3/8 19:26:54 237,0,1006,-11,55,6,14,7,-311,84,91,0,0,0,NaN,NaN,NaN,NaN,0
2018/3/8 19:26:54 256,0,999,-8,57,7,7,3,-312,87,90,0,0,0,NaN,NaN,NaN,NaN,0
2018/3/8 19:26:54 272,0,1011,-10,52,9,-3,-2,-312,85,92,0,0,0,NaN,NaN,NaN,NaN,0
2018/3/8 19:26:54 294,0,1014,-12,55,9,-13,-10,-313,83,94,0,0,0,NaN,NaN,NaN,NaN,0
2018/3/8 19:26:54 314,0,1011,-10,58,7,-2,-2,-310,86,93,0,0,0,NaN,NaN,NaN,NaN,0
2018/3/8 19:26:54 333,0,1013,-13,56,7,7,3,-311,86,91,0,0,0,NaN,NaN,NaN,NaN,0
2018/3/8 19:26:54 353,0,1011,-9,54,8,10,6,-310,86,88,0,0,0,NaN,NaN,NaN,NaN,0
2018/3/8 19:26:54 375,0,1012,-11,53,7,14,7,-312,87,95,0,0,0,NaN,NaN,NaN,NaN,0
2018/3/8 19:26:54 393,0,1014,-12,58,7,22,11,-312,85,91,0,0,0,NaN,NaN,NaN,NaN,0
2018/3/8 19:26:54 413,0,1010,-18,56,7,14,7,-311,85,95,0,0,0,NaN,NaN,NaN,NaN,0
2018/3/8 19:26:54 433,0,1015,-13,53,9,3,0,-313,82,93,0,0,0,NaN,NaN,NaN,NaN,0
2018/3/8 19:26:54 453,0,1014,-14,57,8,3,1,-310,84,94,0,0,0,NaN,NaN,NaN,NaN,0
2018/3/8 19:26:54 472,0,1013,-12,53,9,3,0,-311,86,95,0,0,0,NaN,NaN,NaN,NaN,0
2018/3/8 19:26:54 491,0,1007,-11,52,8,10,4,-311,88,93,0,0,0,NaN,NaN,NaN,NaN,0
2018/3/8 19:26:54 513,0,1013,-14,55,8,13,7,-311,84,88,0,0,0,NaN,NaN,NaN,NaN,0
2018/3/8 19:26:54 570,0,1014,-15,55,6,15,10,-310,85,90,0,0,0,NaN,NaN,NaN,NaN,0
